Module Name,Module Type,Port Name,Direction,Width,Index,Comment Source,Comment 
DLL,Top_Level,ref_clk,INPUT,1,-,-,-
DLL,Top_Level,out_clk,OUTPUT,1,-,-,-
DLL,Top_Level,gamma,INPUT,10,[9:0],module port,Psuedo inputs, should be killed ...
DLL,Top_Level,enable,INPUT,1,-,-,-
NAND2X4,Black Box,A,INPUT,1,-,-,-
NAND2X4,Black Box,B,INPUT,1,-,-,-
NAND2X4,Black Box,Y,INPUT,1,-,-,-
CLKBUFX2,Black Box,A,INPUT,1,-,-,-
CLKBUFX2,Black Box,Y,INPUT,1,-,-,-
TBUFX2,Black Box,A,INPUT,1,-,-,-
TBUFX2,Black Box,OE,INPUT,1,-,-,-
TBUFX2,Black Box,Y,INPUT,1,-,-,-
INVXL,Black Box,A,INPUT,1,-,-,-
INVXL,Black Box,Y,INPUT,1,-,-,-
CLKBUFX1,Black Box,A,INPUT,1,-,-,-
CLKBUFX1,Black Box,Y,INPUT,1,-,-,-
DFFHQX8,Black Box,D,INPUT,1,-,-,-
DFFHQX8,Black Box,CK,INPUT,1,-,-,-
DFFHQX8,Black Box,Q,INPUT,1,-,-,-
DFFHX4,Black Box,D,INPUT,1,-,-,-
DFFHX4,Black Box,CK,INPUT,1,-,-,-
DFFHX4,Black Box,Q,INPUT,1,-,-,-
EDFFHQX2,Black Box,D,INPUT,1,-,-,-
EDFFHQX2,Black Box,E,INPUT,1,-,-,-
EDFFHQX2,Black Box,CK,INPUT,1,-,-,-
EDFFHQX2,Black Box,Q,INPUT,1,-,-,-
NAND3X4,Black Box,A,INPUT,1,-,-,-
NAND3X4,Black Box,B,INPUT,1,-,-,-
NAND3X4,Black Box,C,INPUT,1,-,-,-
NAND3X4,Black Box,Y,INPUT,1,-,-,-
INVX4,Black Box,A,INPUT,1,-,-,-
INVX4,Black Box,Y,INPUT,1,-,-,-
XOR2X4,Black Box,A,INPUT,1,-,-,-
XOR2X4,Black Box,B,INPUT,1,-,-,-
XOR2X4,Black Box,Y,INPUT,1,-,-,-
OAI21X1,Black Box,A0,INPUT,1,-,-,-
OAI21X1,Black Box,A1,INPUT,1,-,-,-
OAI21X1,Black Box,B0,INPUT,1,-,-,-
OAI21X1,Black Box,Y,INPUT,1,-,-,-
CLKNAND2X2,Black Box,A,INPUT,1,-,-,-
CLKNAND2X2,Black Box,B,INPUT,1,-,-,-
CLKNAND2X2,Black Box,Y,INPUT,1,-,-,-
NOR2X8,Black Box,A,INPUT,1,-,-,-
NOR2X8,Black Box,B,INPUT,1,-,-,-
NOR2X8,Black Box,Y,INPUT,1,-,-,-
NOR2BX8,Black Box,AN,INPUT,1,-,-,-
NOR2BX8,Black Box,B,INPUT,1,-,-,-
NOR2BX8,Black Box,Y,INPUT,1,-,-,-
NAND2BX2,Black Box,AN,INPUT,1,-,-,-
NAND2BX2,Black Box,B,INPUT,1,-,-,-
NAND2BX2,Black Box,Y,INPUT,1,-,-,-
OAI21XL,Black Box,A0,INPUT,1,-,-,-
OAI21XL,Black Box,A1,INPUT,1,-,-,-
OAI21XL,Black Box,B0,INPUT,1,-,-,-
OAI21XL,Black Box,Y,INPUT,1,-,-,-
NOR2X2,Black Box,A,INPUT,1,-,-,-
NOR2X2,Black Box,B,INPUT,1,-,-,-
NOR2X2,Black Box,Y,INPUT,1,-,-,-
INVX2,Black Box,A,INPUT,1,-,-,-
INVX2,Black Box,Y,INPUT,1,-,-,-
AND2X4,Black Box,A,INPUT,1,-,-,-
AND2X4,Black Box,B,INPUT,1,-,-,-
AND2X4,Black Box,Y,INPUT,1,-,-,-
NAND4X4,Black Box,A,INPUT,1,-,-,-
NAND4X4,Black Box,B,INPUT,1,-,-,-
NAND4X4,Black Box,C,INPUT,1,-,-,-
NAND4X4,Black Box,D,INPUT,1,-,-,-
NAND4X4,Black Box,Y,INPUT,1,-,-,-
NOR2X1,Black Box,A,INPUT,1,-,-,-
NOR2X1,Black Box,B,INPUT,1,-,-,-
NOR2X1,Black Box,Y,INPUT,1,-,-,-
OAI21X2,Black Box,A0,INPUT,1,-,-,-
OAI21X2,Black Box,A1,INPUT,1,-,-,-
OAI21X2,Black Box,B0,INPUT,1,-,-,-
OAI21X2,Black Box,Y,INPUT,1,-,-,-
NOR2BX2,Black Box,AN,INPUT,1,-,-,-
NOR2BX2,Black Box,B,INPUT,1,-,-,-
NOR2BX2,Black Box,Y,INPUT,1,-,-,-
INVX1,Black Box,A,INPUT,1,-,-,-
INVX1,Black Box,Y,INPUT,1,-,-,-
NAND2X6,Black Box,A,INPUT,1,-,-,-
NAND2X6,Black Box,B,INPUT,1,-,-,-
NAND2X6,Black Box,Y,INPUT,1,-,-,-
NAND2XL,Black Box,A,INPUT,1,-,-,-
NAND2XL,Black Box,B,INPUT,1,-,-,-
NAND2XL,Black Box,Y,INPUT,1,-,-,-
NOR2BX1,Black Box,AN,INPUT,1,-,-,-
NOR2BX1,Black Box,B,INPUT,1,-,-,-
NOR2BX1,Black Box,Y,INPUT,1,-,-,-
