<?xml version="1.0" encoding="utf-8"?>
<goal_summary xmlns:xsi="http://www.w3.org/2001/XMLSchema-instance"
   xsi:noNamespaceSchemaLocation="file://Dashboard/goal_xml.xsd">
<!-- This file schema is internal to Atrenta DashBoard and subject to change in future without notice --> 
<goal name="lint/lint_abstract"/>
<top name="DLL"/>
<dir name="/home/u106/u106061216/Sequential/HW2/work/spyglass-1/consolidated_reports/lint_lint_abstract/"/>
<log name="/home/u106/u106061216/Sequential/HW2/work/spyglass-1/lint/lint_abstract/spyglass.log" link="data_files/DLL_lint-lint_abstract_spyglass.log"/>
  <std_reports> 
<report name="moresimple" link="data_files/DLL_lint-lint_abstract_moresimple.rpt" tooltip="moresimple.rpt" />
<report name="no_msg_reporting_rules" link="data_files/DLL_lint-lint_abstract_no_msg_reporting_rules.rpt" tooltip="no_msg_reporting_rules.rpt" />
  </std_reports> 
<tech_reports> 
   <technology name="(Not Available)"> 
   </technology> 
</tech_reports> 
<statistics fatal="0" error="28" warning="2" info="4" waived_error="0" waived_warning="0" waived_info="0" /> 
<tech_summary> 
</tech_summary> 
</goal_summary> 
